{
  "9z848quTH5Y": {
    "user_name": "Aaron Burden",
    "user_url": "https://unsplash.com/@aaronburden?utm_source=unsample&utm_medium=referral&utm_campaign=api-credit",
    "photo_url": "https://unsplash.com/photos/9z848quTH5Y?utm_source=unsample&utm_medium=referral&utm_campaign=api-credit"
  },
  "ETohg9Vrhew": {
    "user_name": "Jennifer Burk",
    "user_url": "https://unsplash.com/@jenandjoon?utm_source=unsample&utm_medium=referral&utm_campaign=api-credit",
    "photo_url": "https://unsplash.com/photos/ETohg9Vrhew?utm_source=unsample&utm_medium=referral&utm_campaign=api-credit"
  },
  "VhjNQX4_t10": {
    "user_name": "Logan Weaver",
    "user_url": "https://unsplash.com/@lgnwvr?utm_source=unsample&utm_medium=referral&utm_campaign=api-credit",
    "photo_url": "https://unsplash.com/photos/VhjNQX4_t10?utm_source=unsample&utm_medium=referral&utm_campaign=api-credit"
  },
  "Y3QjrFDt1lo": {
    "user_name": "matthew reyes",
    "user_url": "https://unsplash.com/@visionary_imaging?utm_source=unsample&utm_medium=referral&utm_campaign=api-credit",
    "photo_url": "https://unsplash.com/photos/Y3QjrFDt1lo?utm_source=unsample&utm_medium=referral&utm_campaign=api-credit"
  },
  "qbgBEkgFPVk": {
    "user_name": "Erika Garcia",
    "user_url": "https://unsplash.com/@eriak?utm_source=unsample&utm_medium=referral&utm_campaign=api-credit",
    "photo_url": "https://unsplash.com/photos/qbgBEkgFPVk?utm_source=unsample&utm_medium=referral&utm_campaign=api-credit"
  },
  "De8HENxxFKU": {
    "user_name": "Gaelle Marcel",
    "user_url": "https://unsplash.com/@gaellemarcel?utm_source=unsample&utm_medium=referral&utm_campaign=api-credit",
    "photo_url": "https://unsplash.com/photos/De8HENxxFKU?utm_source=unsample&utm_medium=referral&utm_campaign=api-credit"
  },
  "1pqQhZZunrc": {
    "user_name": "Ben Karpinski",
    "user_url": "https://unsplash.com/@benkarpinski?utm_source=unsample&utm_medium=referral&utm_campaign=api-credit",
    "photo_url": "https://unsplash.com/photos/1pqQhZZunrc?utm_source=unsample&utm_medium=referral&utm_campaign=api-credit"
  },
  "Kkc4gMVpiug": {
    "user_name": "Ryan Plomp",
    "user_url": "https://unsplash.com/@ryancp?utm_source=unsample&utm_medium=referral&utm_campaign=api-credit",
    "photo_url": "https://unsplash.com/photos/Kkc4gMVpiug?utm_source=unsample&utm_medium=referral&utm_campaign=api-credit"
  },
  "wYnXOhz5UJE": {
    "user_name": "Will Burbano",
    "user_url": "https://unsplash.com/@wiburbano?utm_source=unsample&utm_medium=referral&utm_campaign=api-credit",
    "photo_url": "https://unsplash.com/photos/wYnXOhz5UJE?utm_source=unsample&utm_medium=referral&utm_campaign=api-credit"
  },
  "g6nfnBfK_Kg": {
    "user_name": "Andrew Ling",
    "user_url": "https://unsplash.com/@linginit?utm_source=unsample&utm_medium=referral&utm_campaign=api-credit",
    "photo_url": "https://unsplash.com/photos/g6nfnBfK_Kg?utm_source=unsample&utm_medium=referral&utm_campaign=api-credit"
  },
  "QJWk6LLOMdQ": {
    "user_name": "Zachary Keimig",
    "user_url": "https://unsplash.com/@zacharykeimig?utm_source=unsample&utm_medium=referral&utm_campaign=api-credit",
    "photo_url": "https://unsplash.com/photos/QJWk6LLOMdQ?utm_source=unsample&utm_medium=referral&utm_campaign=api-credit"
  },
  "AskpNYUs5jc": {
    "user_name": "Elia Pellegrini",
    "user_url": "https://unsplash.com/@eliapelle?utm_source=unsample&utm_medium=referral&utm_campaign=api-credit",
    "photo_url": "https://unsplash.com/photos/AskpNYUs5jc?utm_source=unsample&utm_medium=referral&utm_campaign=api-credit"
  },
  "KgapSdcW_tc": {
    "user_name": "watcharlie",
    "user_url": "https://unsplash.com/@watcharlie?utm_source=unsample&utm_medium=referral&utm_campaign=api-credit",
    "photo_url": "https://unsplash.com/photos/KgapSdcW_tc?utm_source=unsample&utm_medium=referral&utm_campaign=api-credit"
  },
  "oqfWUbpxb0k": {
    "user_name": "𝓴𝓘𝓡𝓚 𝕝𝔸𝕀",
    "user_url": "https://unsplash.com/@laimannung?utm_source=unsample&utm_medium=referral&utm_campaign=api-credit",
    "photo_url": "https://unsplash.com/photos/oqfWUbpxb0k?utm_source=unsample&utm_medium=referral&utm_campaign=api-credit"
  },
  "4BKdu35Vsww": {
    "user_name": "chuttersnap",
    "user_url": "https://unsplash.com/@chuttersnap?utm_source=unsample&utm_medium=referral&utm_campaign=api-credit",
    "photo_url": "https://unsplash.com/photos/4BKdu35Vsww?utm_source=unsample&utm_medium=referral&utm_campaign=api-credit"
  },
  "vbvgtUERHdM": {
    "user_name": "Tom Öhlin",
    "user_url": "https://unsplash.com/@tomohlin?utm_source=unsample&utm_medium=referral&utm_campaign=api-credit",
    "photo_url": "https://unsplash.com/photos/vbvgtUERHdM?utm_source=unsample&utm_medium=referral&utm_campaign=api-credit"
  },
  "zOiNLy06OXA": {
    "user_name": "Jonathan Borba",
    "user_url": "https://unsplash.com/@jonathanborba?utm_source=unsample&utm_medium=referral&utm_campaign=api-credit",
    "photo_url": "https://unsplash.com/photos/zOiNLy06OXA?utm_source=unsample&utm_medium=referral&utm_campaign=api-credit"
  },
  "axmdnnMSy7Q": {
    "user_name": "Kellen Riggin",
    "user_url": "https://unsplash.com/@kalaniparker?utm_source=unsample&utm_medium=referral&utm_campaign=api-credit",
    "photo_url": "https://unsplash.com/photos/axmdnnMSy7Q?utm_source=unsample&utm_medium=referral&utm_campaign=api-credit"
  },
  "855B83yyAGk": {
    "user_name": "Gijs Coolen",
    "user_url": "https://unsplash.com/@gijsparadijs?utm_source=unsample&utm_medium=referral&utm_campaign=api-credit",
    "photo_url": "https://unsplash.com/photos/855B83yyAGk?utm_source=unsample&utm_medium=referral&utm_campaign=api-credit"
  },
  "2T6kpZ37MTg": {
    "user_name": "Clay Banks",
    "user_url": "https://unsplash.com/@claybanks?utm_source=unsample&utm_medium=referral&utm_campaign=api-credit",
    "photo_url": "https://unsplash.com/photos/2T6kpZ37MTg?utm_source=unsample&utm_medium=referral&utm_campaign=api-credit"
  },
  "35T276kaCqA": {
    "user_name": "Vino Li",
    "user_url": "https://unsplash.com/@vinomamba24?utm_source=unsample&utm_medium=referral&utm_campaign=api-credit",
    "photo_url": "https://unsplash.com/photos/35T276kaCqA?utm_source=unsample&utm_medium=referral&utm_campaign=api-credit"
  },
  "DFPbNJw-zgc": {
    "user_name": "Blake Wisz",
    "user_url": "https://unsplash.com/@blakewisz?utm_source=unsample&utm_medium=referral&utm_campaign=api-credit",
    "photo_url": "https://unsplash.com/photos/DFPbNJw-zgc?utm_source=unsample&utm_medium=referral&utm_campaign=api-credit"
  },
  "Rx51u2hx55w": {
    "user_name": "Patrick Langwallner",
    "user_url": "https://unsplash.com/@patresinger?utm_source=unsample&utm_medium=referral&utm_campaign=api-credit",
    "photo_url": "https://unsplash.com/photos/Rx51u2hx55w?utm_source=unsample&utm_medium=referral&utm_campaign=api-credit"
  },
  "FpR7CpWjrmk": {
    "user_name": "Jason Leung",
    "user_url": "https://unsplash.com/@ninjason?utm_source=unsample&utm_medium=referral&utm_campaign=api-credit",
    "photo_url": "https://unsplash.com/photos/FpR7CpWjrmk?utm_source=unsample&utm_medium=referral&utm_campaign=api-credit"
  },
  "PdcNOb4iYFs": {
    "user_name": "Andrey Zvyagintsev",
    "user_url": "https://unsplash.com/@zvandrei?utm_source=unsample&utm_medium=referral&utm_campaign=api-credit",
    "photo_url": "https://unsplash.com/photos/PdcNOb4iYFs?utm_source=unsample&utm_medium=referral&utm_campaign=api-credit"
  },
  "OLaIcFEeWos": {
    "user_name": "Matheo JBT",
    "user_url": "https://unsplash.com/@matheo_jbt?utm_source=unsample&utm_medium=referral&utm_campaign=api-credit",
    "photo_url": "https://unsplash.com/photos/OLaIcFEeWos?utm_source=unsample&utm_medium=referral&utm_campaign=api-credit"
  },
  "JuKXByQwe2I": {
    "user_name": "Johannes Plenio",
    "user_url": "https://unsplash.com/@jplenio?utm_source=unsample&utm_medium=referral&utm_campaign=api-credit",
    "photo_url": "https://unsplash.com/photos/JuKXByQwe2I?utm_source=unsample&utm_medium=referral&utm_campaign=api-credit"
  },
  "raR76KjbcC0": {
    "user_name": "Jonathan J. Castellon",
    "user_url": "https://unsplash.com/@joncas89?utm_source=unsample&utm_medium=referral&utm_campaign=api-credit",
    "photo_url": "https://unsplash.com/photos/raR76KjbcC0?utm_source=unsample&utm_medium=referral&utm_campaign=api-credit"
  },
  "QFMOJsn_3T0": {
    "user_name": "McGill Library",
    "user_url": "https://unsplash.com/@mcgilllibrary?utm_source=unsample&utm_medium=referral&utm_campaign=api-credit",
    "photo_url": "https://unsplash.com/photos/QFMOJsn_3T0?utm_source=unsample&utm_medium=referral&utm_campaign=api-credit"
  },
  "tHRTFRDBBiQ": {
    "user_name": "Michael D Beckwith",
    "user_url": "https://unsplash.com/@michael__d__beckwith_3922536_sink?utm_source=unsample&utm_medium=referral&utm_campaign=api-credit",
    "photo_url": "https://unsplash.com/photos/tHRTFRDBBiQ?utm_source=unsample&utm_medium=referral&utm_campaign=api-credit"
  }
}